Frames,EPB
1,2.39
2,2.42
3,3.61
4,2.91
5,1.71
6,2.42
7,4.79
8,4.19
9,1.89
10,3.91
11,2.59
12,3.82
13,2.41
14,1.84
15,2.77
16,3.94
17,0.63
18,4.49
19,7.2
20,4.31
21,3.89
22,7.05
23,4.27
24,4.89
25,7.41
26,4.43
27,8.5
28,5.25
29,5.78
30,0.9
31,2.92
32,3.39
33,-0.18
34,-0.63
35,12.56
36,7.08
37,5.68
38,6.83
39,5.48
40,4.66
41,5.89
42,4.94
43,7.06
44,7.88
45,5.5
46,2.08
47,5.05
48,6.14
49,7.21
50,4.65
51,4.67
52,4.55
53,8.05
54,6.17
55,7.8
56,5.98
57,8.24
58,7.83
59,6.23
60,8.95
61,6.24
62,5.31
63,2.88
64,6.24
65,3.71
66,5.92
67,4.64
68,3.46
69,3.11
70,3.29
71,2.72
72,7.94
73,4.82
74,7.85
75,4.38
76,6.57
77,8.87
78,3.14
79,6.47
80,10.91
81,8.19
82,7.39
83,7.57
84,6.29
85,7.62
86,9.11
87,7.31
88,6.98
89,6.96
90,6.92
91,7.04
92,7.77
93,6.79
94,9.86
95,12.74
96,12.45
97,6.61
98,8.29
99,9.13
100,10.67
101,6.71
102,11.32
103,9.17
104,7.69
105,7.89
106,6.27
107,10.35
108,8.23
109,4.51
110,9.38
111,7.77
112,6.0
113,7.35
114,9.27
115,7.92
116,11.71
117,8.91
118,7.16
119,5.4
120,7.97
121,5.99
122,6.62
123,7.48
124,5.76
125,4.89
126,6.29
127,9.02
128,6.91
129,5.56
130,3.09
131,5.12
132,1.73
133,3.64
134,5.98
135,5.03
136,3.43
137,5.09
138,2.34
139,4.28
140,2.59
141,4.46
142,6.09
143,6.06
144,8.41
145,4.04
146,6.52
147,6.5
148,7.45
149,9.68
150,6.65
151,3.6
152,4.79
153,6.04
154,3.73
155,6.76
156,6.11
157,4.29
158,5.83
159,5.71
160,6.57
161,4.37
162,4.18
163,3.57
164,4.71
165,5.27
166,7.29
167,4.42
168,5.88
169,4.49
170,7.15
171,4.86
172,11.26
173,4.74
174,3.79
175,2.13
176,3.96
177,6.36
178,12.3
179,5.1
180,6.61
181,2.01
182,0.63
183,0.76
184,0.42
185,0.43
186,-0.62
187,0.25
188,0.7
189,1.79
190,2.25
191,0.74
192,-1.04
193,-0.24
194,3.46
195,1.57
196,0.98
197,1.34
198,0.91
199,0.2
200,1.09
201,0.04
202,2.06
203,1.92
204,4.2
205,2.19
206,2.83
207,2.56
208,1.17
209,1.83
210,6.85
211,6.95
212,3.72
213,0.71
214,1.86
215,1.28
216,2.05
217,2.08
218,0.92
219,0.71
220,2.06
221,-1.14
222,0.91
223,1.1
224,1.41
225,0.49
226,-0.1
227,3.27
228,2.25
229,0.84
230,0.66
231,1.02
232,0.22
233,-0.17
234,0.71
235,2.07
236,7.21
237,8.82
238,0.78
239,0.21
240,0.35
241,1.84
242,0.45
243,2.92
244,1.97
245,3.24
246,-0.0
247,1.94
248,0.26
249,0.86
250,3.0
251,3.13
252,1.74
253,2.93
254,8.2
255,1.12
256,1.95
257,4.27
258,2.39
259,2.97
260,2.27
261,3.33
262,2.76
263,2.08
264,4.01
265,2.97
266,4.49
267,-0.6
268,4.19
269,3.33
270,2.78
271,-0.52
272,-0.23
273,1.0
274,2.99
275,2.17
276,1.43
277,0.89
278,1.24
279,3.15
280,2.17
281,0.91
282,1.54
283,0.16
284,0.22
285,1.65
286,1.88
287,-0.09
288,2.1
289,0.35
290,1.54
291,1.42
292,2.7
293,1.09
294,1.95
295,3.77
296,3.97
297,2.66
298,3.21
299,3.31
300,3.89
