Frames,VDWAALS
1,-26.97
2,-27.55
3,-27.77
4,-26.36
5,-26.54
6,-27.86
7,-29.96
8,-29.26
9,-23.92
10,-29.69
11,-27.65
12,-25.6
13,-22.42
14,-18.13
15,-14.63
16,-20.58
17,-24.97
18,-25.0
19,-26.15
20,-26.03
21,-24.1
22,-25.56
23,-26.55
24,-30.85
25,-34.45
26,-28.28
27,-31.67
28,-25.76
29,-21.14
30,-28.27
31,-25.86
32,-22.17
33,-19.91
34,-24.22
35,-19.95
36,-23.83
37,-21.69
38,-22.76
39,-22.43
40,-24.8
41,-22.16
42,-22.05
43,-28.2
44,-28.51
45,-10.79
46,-24.45
47,-22.15
48,-21.89
49,-19.22
50,-23.89
51,-25.65
52,-21.58
53,-24.66
54,-23.59
55,-23.06
56,-23.64
57,-26.96
58,-24.72
59,-21.7
60,-25.92
61,-22.22
62,-21.99
63,-21.52
64,-22.45
65,-23.53
66,-20.6
67,-15.08
68,-14.58
69,-19.45
70,-14.23
71,-13.39
72,-4.99
73,-4.59
74,-6.18
75,-7.5
76,-7.96
77,-10.35
78,-11.14
79,-13.83
80,-13.8
81,-13.42
82,-10.65
83,-11.74
84,-13.75
85,-15.26
86,-6.32
87,-11.7
88,-9.95
89,-15.14
90,-10.15
91,-10.22
92,-7.7
93,-9.39
94,-8.23
95,-9.89
96,-8.3
97,-10.03
98,-12.62
99,-9.87
100,-8.44
101,-6.5
102,-5.42
103,-4.91
104,-7.0
105,-3.72
106,-2.05
107,-1.73
108,-3.93
109,-4.02
110,-2.84
111,-3.45
112,-3.55
113,-3.82
114,-7.68
115,-3.89
116,-2.85
117,-2.49
118,-5.36
119,-4.49
120,-5.32
121,-4.96
122,-2.61
123,-7.79
124,-13.45
125,-8.66
126,-11.75
127,-18.12
128,-16.17
129,-17.87
130,-15.63
131,-9.15
132,-10.88
133,-14.03
134,-10.88
135,-17.05
136,-12.91
137,-7.61
138,-10.35
139,-7.19
140,-11.6
141,-8.68
142,-9.13
143,-7.95
144,-9.82
145,-2.63
146,-5.57
147,-3.99
148,-9.92
149,-4.02
150,-3.37
151,-4.35
152,-5.17
153,-4.25
154,-3.67
155,-3.84
156,-4.9
157,-2.99
158,-3.15
159,-3.56
160,-3.82
161,-13.49
162,-13.61
163,-12.26
164,-11.08
165,-11.51
166,-5.89
167,-8.59
168,-11.74
169,-11.0
170,-10.41
171,-11.88
172,-13.72
173,-14.73
174,-12.65
175,-13.22
176,-12.48
177,-14.97
178,-12.6
179,-20.13
180,-16.31
181,-14.47
182,-12.66
183,-14.18
184,-13.36
185,-13.66
186,-9.53
187,-13.2
188,-12.1
189,-14.88
190,-12.23
191,-12.23
192,-9.16
193,-9.37
194,-9.47
195,-8.58
196,-10.06
197,-8.63
198,-14.19
199,-8.9
200,-15.64
201,-15.75
202,-10.42
203,-9.37
204,-10.32
205,-10.91
206,-10.02
207,-15.44
208,-13.45
209,-12.08
210,-10.52
211,-16.96
212,-13.17
213,-12.34
214,-10.67
215,-11.87
216,-12.79
217,-12.98
218,-14.34
219,-7.37
220,-9.63
221,-11.71
222,-11.22
223,-13.89
224,-14.02
225,-9.3
226,-13.66
227,-8.21
228,-9.27
229,-12.62
230,-12.73
231,-4.55
232,-9.14
233,-6.27
234,-9.9
235,-13.19
236,-11.87
237,-11.83
238,-5.18
239,-11.42
240,-13.2
241,-12.37
242,-11.92
243,-12.03
244,-9.33
245,-12.5
246,-11.18
247,-14.49
248,-10.26
249,-8.9
250,-10.44
251,-11.61
252,-11.59
253,-12.9
254,-13.45
255,-15.06
256,-12.74
257,-12.12
258,-13.83
259,-12.63
260,-14.65
261,-13.66
262,-14.28
263,-12.13
264,-11.99
265,-8.71
266,-13.5
267,-13.12
268,-12.49
269,-11.72
270,-16.4
271,-19.51
272,-13.52
273,-11.51
274,-15.4
275,-18.96
276,-17.13
277,-16.47
278,-15.83
279,-17.79
280,-15.98
281,-23.26
282,-20.62
283,-17.45
284,-24.66
285,-17.91
286,-20.54
287,-17.83
288,-20.26
289,-22.83
290,-20.97
291,-19.88
292,-19.8
293,-16.82
294,-18.62
295,-20.45
296,-20.3
297,-21.43
298,-21.36
299,-20.02
300,-19.17
