Frames,EEL
1,-0.44
2,0.96
3,0.42
4,0.37
5,0.49
6,0.35
7,-0.81
8,0.44
9,0.32
10,0.39
11,0.34
12,0.51
13,0.28
14,0.19
15,0.76
16,0.73
17,0.69
18,0.98
19,0.81
20,-0.71
21,0.08
22,-0.22
23,0.07
24,0.21
25,0.84
26,-0.28
27,-0.55
28,-0.51
29,0.9
30,-2.18
31,-0.03
32,-0.35
33,0.76
34,-0.16
35,0.35
36,-0.58
37,-5.82
38,-1.14
39,0.14
40,0.16
41,0.5
42,0.38
43,-0.03
44,-0.25
45,-6.53
46,-12.62
47,-13.27
48,-10.87
49,-13.22
50,-6.03
51,-7.28
52,-8.62
53,-0.1
54,-5.81
55,-2.88
56,-4.73
57,-5.19
58,-4.24
59,-1.37
60,0.82
61,0.27
62,0.92
63,1.69
64,0.79
65,0.9
66,0.69
67,0.08
68,-3.91
69,0.6
70,-2.44
71,0.07
72,0.9
73,-0.24
74,0.25
75,-0.43
76,-1.22
77,0.44
78,-0.49
79,-0.75
80,-0.27
81,-1.6
82,0.22
83,0.39
84,-1.53
85,-1.02
86,-0.91
87,-2.29
88,0.22
89,-1.15
90,2.16
91,0.65
92,-0.71
93,1.7
94,-0.42
95,-0.27
96,-3.9
97,-1.22
98,-2.76
99,-3.73
100,-9.39
101,-10.61
102,-10.02
103,1.35
104,-3.55
105,-9.78
106,-12.81
107,-11.82
108,-11.02
109,0.81
110,-1.3
111,0.46
112,1.3
113,-0.65
114,-3.81
115,-1.54
116,-5.65
117,-1.74
118,0.68
119,-1.62
120,-0.09
121,0.29
122,-1.0
123,-2.35
124,-0.01
125,1.01
126,-0.11
127,1.9
128,-1.27
129,0.68
130,-7.45
131,-4.72
132,-2.35
133,-6.82
134,-7.31
135,-0.43
136,-0.2
137,-0.79
138,-3.3
139,-5.38
140,0.72
141,-0.98
142,-2.03
143,1.78
144,-5.84
145,-2.08
146,0.2
147,-0.14
148,0.31
149,-1.68
150,-2.56
151,-20.53
152,-20.17
153,-14.03
154,-19.8
155,-12.03
156,-11.2
157,-0.17
158,1.22
159,-0.19
160,0.74
161,0.38
162,-0.02
163,0.42
164,-0.19
165,-0.04
166,-1.47
167,-1.49
168,-0.49
169,0.83
170,-0.48
171,-0.43
172,-0.58
173,-3.59
174,0.4
175,-8.87
176,-3.12
177,0.97
178,0.8
179,-0.59
180,-0.13
181,0.17
182,0.28
183,-9.22
184,0.66
185,-6.65
186,-5.29
187,1.72
188,-4.1
189,-7.94
190,-11.49
191,-6.44
192,-6.59
193,1.74
194,0.95
195,-1.25
196,-12.05
197,1.77
198,1.06
199,-8.52
200,-3.32
201,-3.8
202,-1.1
203,-1.03
204,-1.75
205,-6.93
206,0.99
207,-4.98
208,5.34
209,-0.28
210,1.09
211,-0.58
212,-1.2
213,-6.49
214,-10.69
215,-8.13
216,-3.52
217,-5.81
218,-5.11
219,-10.38
220,-3.88
221,-1.22
222,-2.2
223,-0.47
224,-2.52
225,-4.25
226,-2.6
227,-1.87
228,-1.04
229,-0.29
230,0.07
231,0.05
232,0.77
233,0.36
234,2.21
235,-1.41
236,-0.14
237,-2.25
238,-4.48
239,-0.24
240,-2.19
241,-6.78
242,-6.17
243,-6.82
244,-5.92
245,-0.71
246,-3.41
247,-6.24
248,-6.25
249,-2.0
250,-2.59
251,-8.04
252,-12.31
253,-0.61
254,-1.57
255,-8.19
256,0.02
257,-2.02
258,-1.47
259,-2.68
260,0.83
261,-1.8
262,-3.87
263,-1.41
264,-2.84
265,-2.33
266,1.08
267,-2.27
268,-1.29
269,-6.02
270,-7.4
271,-7.43
272,-12.06
273,-9.15
274,-9.03
275,-8.7
276,-7.08
277,-7.74
278,-7.51
279,-7.12
280,-1.4
281,-9.19
282,-6.62
283,-7.1
284,0.55
285,-0.88
286,-0.37
287,-1.75
288,-0.86
289,-0.53
290,-0.3
291,-0.27
292,-1.86
293,-2.78
294,-1.44
295,-0.84
296,-3.0
297,-0.74
298,-0.6
299,-6.66
300,-0.12
