Frames,TOTAL
1,-28.5
2,-22.98
3,-27.03
4,-25.09
5,-19.21
6,-16.21
7,-8.97
8,-17.43
9,-26.67
10,-18.04
11,-16.32
12,-20.29
13,-22.44
14,-26.61
15,-11.89
16,-14.12
17,-10.94
18,-12.55
19,-22.27
20,-22.19
21,-24.5
22,-25.17
23,-14.57
24,-17.34
25,-16.69
26,-20.56
27,-16.19
28,-14.09
29,-14.27
30,-15.24
31,-14.08
32,-13.43
33,-13.29
34,-25.86
35,-22.49
36,-22.11
37,-31.78
38,-20.46
39,-26.88
40,-9.49
41,-12.05
42,-19.06
43,-15.72
44,-17.52
45,-14.18
46,-18.73
47,-16.64
48,-14.75
49,-30.29
50,-22.52
51,-19.79
52,-23.52
53,-26.67
54,-23.2
55,-20.4
56,-20.52
57,-16.57
58,-13.73
59,-13.69
60,-9.65
61,-12.99
62,-18.64
63,-20.33
64,-15.53
65,-5.98
66,-19.19
67,-22.54
68,-14.54
69,-12.81
70,-13.88
71,-15.45
72,-12.18
73,-22.26
74,-17.95
75,-17.77
76,-16.93
77,-11.6
78,-14.93
79,-13.35
80,-7.7
81,-11.57
82,-7.33
83,-8.75
84,-11.95
85,-10.71
86,-11.87
87,-9.59
88,-15.14
89,-15.52
90,-14.86
91,-15.19
92,-7.27
93,-17.71
94,-11.33
95,-14.09
96,-5.85
97,-20.29
98,-20.07
99,-15.22
100,-6.87
101,-9.59
102,-8.71
103,-8.51
104,-17.86
105,-8.37
106,-8.91
107,-18.42
108,-14.0
109,-9.43
110,-7.63
111,-9.0
112,-13.05
113,-9.72
114,-15.9
115,-17.78
116,-17.1
117,-14.18
118,-16.67
119,-21.15
120,-10.34
121,-12.37
122,-21.51
123,-15.29
124,-9.13
125,-14.27
126,-22.08
127,-19.43
128,-20.84
129,-26.22
130,-27.84
131,-17.69
132,-17.1
133,-18.45
134,-19.5
135,-39.12
136,-48.6
137,-39.64
138,-37.86
139,-49.15
140,-37.68
141,-50.38
142,-43.09
143,-33.75
144,-38.5
145,-37.37
146,-43.36
147,-40.92
148,-50.87
149,-45.77
150,-51.33
151,-42.1
152,-53.49
153,-34.62
154,-27.42
155,-46.3
156,-47.58
157,-40.8
158,-35.61
159,-41.46
160,-27.66
161,-24.72
162,-31.73
163,-22.64
164,-26.33
165,-18.87
166,-16.37
167,-21.0
168,-30.57
169,-26.47
170,-10.26
171,-16.54
172,-27.79
173,-24.57
174,-27.14
175,-26.05
176,-23.03
177,-23.29
178,-21.38
179,-21.22
180,-17.81
181,-17.64
182,-20.56
183,-8.27
184,-11.17
185,-26.5
186,-23.08
187,-22.95
188,-25.71
189,-21.52
190,-20.58
191,-31.06
192,-18.88
193,-26.35
194,-23.83
195,-23.38
196,-25.94
197,-30.35
198,-22.93
199,-22.81
200,-27.99
201,-18.62
202,-20.31
203,-17.23
204,-24.02
205,-20.06
206,-12.85
207,-21.03
208,-17.86
209,-22.27
210,-23.33
211,-20.7
212,-21.87
213,-23.81
214,-21.23
215,-22.23
216,-29.92
217,-29.06
218,-20.99
219,-25.06
220,-15.85
221,-16.74
222,-13.1
223,-20.27
224,-14.03
225,-11.95
226,-16.94
227,-16.8
228,-17.97
229,-35.34
230,-28.74
231,-27.42
232,-31.15
233,-27.46
234,-27.45
235,-26.97
236,-37.48
237,-34.12
238,-22.36
239,-29.25
240,-20.83
241,-24.36
242,-21.74
243,-9.89
244,-16.95
245,-24.34
246,-21.33
247,-19.21
248,-15.83
249,-9.0
250,-17.62
251,-12.22
252,-20.05
253,-23.31
254,-20.72
255,-17.92
256,-3.0
257,-9.94
258,-6.68
259,-6.06
260,-3.49
261,-4.37
262,-13.45
263,-16.48
264,-19.08
265,-14.17
266,-10.18
267,-15.38
268,-13.23
269,-20.69
270,-21.04
271,-12.91
272,-8.95
273,-8.17
274,-4.63
275,-10.74
276,-16.38
277,-15.43
278,-17.76
279,-8.95
280,-12.05
281,-10.61
282,-20.39
283,-18.78
284,-10.69
285,-13.37
286,-13.69
287,-8.2
288,-10.87
289,-6.86
290,-0.67
291,-13.26
292,-15.0
293,-5.79
294,-4.84
295,-11.52
296,-13.57
297,-12.95
298,-9.44
299,-11.06
300,-16.69
